,City,Cloudiness,Country,Date,Humidity,Lat,Lng,Max Temp,Wind Speed
0,Lavrentiya,100,RU,1575570735,86,65.58,-170.99,14.23,20.47
1,Trincomalee,100,LK,1575570946,98,8.58,81.23,73.9,2.75
2,Palu,100,ID,1575570946,99,-0.9,119.87,68.81,1.57
3,Georgetown,40,GY,1575570689,70,6.8,-58.16,87.8,11.41
4,Kavaratti,61,IN,1575570737,75,10.57,72.64,82.74,7.83
5,Puerto Ayora,20,EC,1575570676,54,-0.74,-90.35,84.2,8.05
6,Yellowknife,75,CA,1575570381,75,62.45,-114.38,-14.01,5.82
7,Caxito,75,BR,1575570947,66,-22.65,-42.51,86.0,17.22
8,Hithadhoo,54,MV,1575570694,80,-0.6,73.08,83.08,10.8
9,Pevek,0,RU,1575570686,84,69.7,170.27,-0.74,2.53
10,Punta Arenas,75,CL,1575570677,57,-53.16,-70.91,51.8,34.45
11,Iqaluit,90,CA,1575570730,78,63.75,-68.52,10.4,14.99
12,Rikitea,0,PF,1575570676,84,-23.12,-134.97,77.41,7.45
13,Deloraine,40,AU,1575570947,70,-41.53,146.66,48.2,14.99
14,Sterling,40,US,1575570658,48,39.0,-77.4,48.2,16.11
15,Ilave,100,PE,1575570948,62,-16.09,-69.64,53.26,8.39
16,Cape Town,0,ZA,1575570677,47,-33.93,18.42,77.0,10.29
17,Tuktoyaktuk,75,CA,1575570682,84,69.44,-133.03,-0.4,17.22
18,San Felipe,0,CL,1575570948,20,-32.75,-70.73,93.0,1.01
19,Mogadishu,74,SO,1575570685,78,2.04,45.34,81.16,10.83
20,Saldanha,0,PT,1575570691,78,41.42,-6.55,46.31,11.86
21,Manado,20,ID,1575570948,94,1.49,124.85,75.2,2.24
22,Cabo San Lucas,5,MX,1575570676,78,22.89,-109.91,80.01,3.36
23,Bluff,0,AU,1575570675,77,-23.58,149.07,74.98,3.53
24,Kaitangata,49,NZ,1575570691,77,-46.28,169.85,51.67,12.15
25,Port Hedland,13,AU,1575570714,94,-20.31,118.58,77.0,8.05
26,Pouembout,98,NC,1575570949,91,-21.12,164.9,66.83,1.7
27,Grand Island,1,US,1575570681,70,40.92,-98.34,53.6,6.93
28,Nome,1,US,1575570949,53,30.04,-94.42,75.2,10.29
29,Codrington,0,AU,1575570686,76,-28.95,153.24,66.0,6.93
30,Beloha,61,MG,1575570949,67,-25.17,45.06,69.08,14.07
31,Atuona,16,PF,1575570679,74,-9.8,-139.03,79.34,12.62
32,Mataura,48,NZ,1575570676,76,-46.19,168.86,53.01,4.0
33,Araouane,47,ML,1575570720,23,18.9,-3.53,70.74,0.65
34,Ushuaia,75,AR,1575570678,87,-54.81,-68.31,48.2,35.57
35,The Valley,40,AI,1575570929,83,18.22,-63.06,87.8,12.75
36,Paysandu,0,UY,1575570746,27,-32.32,-58.08,77.54,9.26
37,Vaini,5,IN,1575570679,83,15.34,74.49,67.55,8.14
38,Agbor,12,NG,1575570950,48,6.26,6.15,81.73,2.89
39,Busselton,0,AU,1575570676,24,-33.64,115.35,73.0,11.25
40,Seoul,1,KR,1575570400,37,37.57,126.98,17.6,5.37
41,Lompoc,90,US,1575570719,93,34.64,-120.46,62.6,8.05
42,Castro,40,CL,1575570680,63,-42.48,-73.76,62.6,10.29
43,Longyearbyen,75,NO,1575570691,74,78.22,15.63,30.2,44.96
44,Caravelas,74,BR,1575570720,74,-17.73,-39.27,84.31,13.09
45,East London,30,ZA,1575570680,72,-33.02,27.91,68.0,20.8
46,Bredasdorp,0,ZA,1575570684,68,-34.53,20.04,73.0,5.82
47,Tateyama,100,JP,1575570951,98,36.66,137.31,37.99,1.99
48,Bay Roberts,20,CA,1575570951,81,47.58,-53.28,48.2,31.09
49,Okha,100,RU,1575570709,91,53.59,142.95,15.62,22.01
50,Hambantota,100,LK,1575570951,85,6.12,81.12,78.22,8.99
51,Souillac,0,FR,1575570682,93,45.6,-0.6,45.0,3.91
52,Jamestown,17,AU,1575570619,83,-33.21,138.6,53.89,4.23
53,Saint George,75,GR,1575570541,81,39.45,22.34,48.2,4.7
54,Vila Franca do Campo,20,PT,1575570678,59,37.72,-25.43,62.6,6.93
55,Hermanus,0,ZA,1575570689,62,-34.42,19.24,73.0,1.01
56,Khatanga,0,RU,1575570684,86,71.98,102.47,-29.94,10.56
57,Torbay,20,CA,1575570690,81,47.66,-52.73,48.2,31.09
58,Leningradskiy,100,RU,1575570691,87,69.38,178.42,16.41,15.95
59,Port Blair,56,IN,1575570702,72,11.67,92.75,79.41,18.92
60,Altamira,40,BR,1575570521,66,-3.2,-52.21,87.8,5.82
61,Butaritari,67,KI,1575570678,72,3.07,172.79,83.91,11.01
62,Naifaru,100,MV,1575570952,81,5.44,73.37,82.04,22.93
63,Maragogi,100,BR,1575570952,69,-9.01,-35.22,80.87,9.17
64,Antalaha,0,MG,1575570711,73,-14.9,50.28,80.89,12.37
65,Mount Gambier,90,AU,1575570504,76,-37.83,140.78,53.6,8.05
66,Impfondo,96,CD,1575570952,68,1.62,18.06,79.95,0.74
67,Salalah,75,OM,1575570676,48,17.01,54.1,82.4,14.99
68,Vestmannaeyjar,72,IS,1575570952,79,63.44,-20.27,28.4,11.41
69,Bergen,75,NO,1575570952,87,60.39,5.33,46.99,25.28
70,Lubango,42,AO,1575570952,89,-14.92,13.49,61.52,2.91
71,Bodden Town,40,KY,1575570722,61,19.28,-81.25,82.4,10.29
72,Bathsheba,40,BB,1575570689,58,13.22,-59.52,87.8,20.8
73,Tarakan,95,ID,1575570953,78,3.3,117.63,80.76,2.73
74,Belyy Yar,90,RU,1575570953,84,53.6,91.39,8.6,1.36
75,Maputo,75,MZ,1575570910,88,-25.97,32.57,66.99,3.36
76,Hobart,90,AU,1575570686,57,-42.88,147.33,51.8,19.46
77,Freire,20,CL,1575570953,64,-38.95,-72.63,71.01,13.87
78,Muros,20,ES,1575570953,93,42.77,-9.06,57.0,8.05
79,Chapais,90,CA,1575570711,79,49.78,-74.86,21.2,6.93
80,Dikson,100,RU,1575570687,97,73.51,80.55,-6.68,7.78
81,Thompson,75,CA,1575570711,69,55.74,-97.86,-9.4,5.82
82,Nikolskoye,75,RU,1575570709,75,59.7,30.79,42.8,17.9
83,Taitung,100,TW,1575570953,95,22.76,121.15,47.46,4.63
84,Toyoshina,52,JP,1575570953,100,36.3,137.9,37.99,3.09
85,Sioux Lookout,90,CA,1575570935,92,50.1,-91.92,19.4,5.82
86,Barghat,26,IN,1575570954,42,22.03,79.74,57.43,9.17
87,Yumen,40,CN,1575570737,47,40.29,97.04,19.98,8.63
88,Miri,0,NG,1575570954,27,10.31,9.75,76.46,5.39
89,Paamiut,22,GL,1575570689,29,61.99,-49.67,20.95,8.52
90,Pimentel,76,BR,1575570954,66,-3.7,-45.5,87.01,5.99
91,Pinawa,99,CA,1575570954,66,50.15,-95.88,18.82,11.05
92,Necochea,20,AR,1575570954,61,-38.55,-58.74,64.99,5.01
93,Anloga,40,GH,1575570954,74,5.79,0.9,84.2,10.29
94,Gamba,22,CN,1575570954,30,28.28,88.52,19.2,1.23
95,Luderitz,67,NA,1575570703,68,-26.65,15.16,69.8,11.41
96,Gaoual,0,GN,1575570954,27,11.75,-13.2,82.83,3.02
97,Vestmanna,47,FO,1575570700,69,62.16,-7.17,39.2,6.93
98,Mar del Plata,0,AR,1575570518,25,-46.43,-67.52,73.9,28.99
99,Half Moon Bay,75,US,1575570624,100,37.46,-122.43,57.99,5.73
100,Sehithwa,96,BW,1575570955,81,-20.47,22.7,71.78,9.42
101,Katsuura,75,JP,1575570688,49,33.93,134.5,46.4,16.11
102,Liepaja,100,LV,1575570955,81,56.52,21.02,44.6,23.04
103,Taoudenni,0,ML,1575570734,20,22.68,-3.98,68.61,4.5
104,New Norfolk,90,AU,1575570686,57,-42.78,147.06,51.8,19.46
105,Manicore,39,BR,1575570955,50,-5.81,-61.3,92.5,2.98
106,Colesberg,100,ZA,1575570955,63,-30.72,25.1,64.92,14.32
107,Kahului,40,US,1575570867,69,20.89,-156.47,77.0,8.05
108,Salinas,1,US,1575570878,93,36.67,-121.66,60.01,4.7
109,San Cristobal,81,HN,1575570717,60,14.68,-86.92,76.15,5.39
110,Weligama,100,LK,1575570956,95,5.97,80.42,75.16,6.02
111,Margate,90,AU,1575570718,57,-43.03,147.26,51.8,19.46
112,Labuhan,77,ID,1575570956,87,-2.54,115.51,75.74,1.63
113,Bobrovka,100,RU,1575570956,96,52.3,45.54,32.88,12.03
114,Port Alfred,0,ZA,1575570956,84,-33.59,26.89,68.0,8.99
115,Chokurdakh,93,RU,1575570697,93,70.62,147.9,-13.43,14.41
116,Kavieng,81,PG,1575570698,74,-2.57,150.8,82.87,1.68
117,Nicoya,40,CR,1575570956,58,10.15,-85.45,87.8,8.05
118,Meulaboh,78,ID,1575570956,80,4.14,96.13,81.36,6.44
119,Santa Rosa,5,AR,1575570956,10,-36.62,-64.29,91.78,16.13
120,Qaanaaq,99,GL,1575570689,59,77.48,-69.36,-2.16,9.69
121,Dunedin,30,NZ,1575570957,71,-45.87,170.5,53.33,9.86
122,Glenwood Springs,75,US,1575570957,80,39.55,-107.33,35.6,3.36
123,Peniche,0,PT,1575570957,62,39.36,-9.38,60.8,1.12
124,Chuy,37,UY,1575570706,48,-33.69,-53.46,70.81,12.21
125,Ulladulla,18,AU,1575570957,100,-35.36,150.48,54.0,2.24
126,Udachnyy,36,RU,1575570709,64,66.42,112.4,-41.8,4.47
127,Los Llanos de Aridane,40,ES,1575570735,52,28.66,-17.92,66.2,18.34
128,Sorland,75,NO,1575570957,86,67.67,12.69,37.4,18.34
129,Zhob,0,PK,1575570957,45,31.34,69.45,49.21,1.7
130,Kapaa,40,US,1575570686,83,22.08,-159.32,75.2,14.99
131,Carnarvon,84,ZA,1575570679,35,-30.97,22.13,71.38,13.69
132,Ugoofaaru,100,MV,1575570700,81,5.67,73.0,82.08,21.83
133,Batemans Bay,31,AU,1575570957,88,-35.71,150.18,57.99,1.01
134,Virginia Beach,1,US,1575570799,32,36.85,-75.98,53.6,14.99
135,Matay,0,EG,1575570958,57,28.42,30.79,61.97,11.48
136,Dire,40,ET,1575570958,72,9.18,38.92,59.0,9.17
137,Airai,77,TL,1575570703,61,-8.93,125.41,67.05,4.0
138,Upernavik,4,GL,1575570676,73,72.79,-56.15,6.4,14.23
139,Lebu,40,ET,1575570681,72,8.96,38.73,59.0,9.17
140,Champerico,40,MX,1575570684,51,16.38,-93.6,82.4,4.7
141,Saint-Philippe,90,CA,1575570724,80,45.36,-73.48,33.8,12.75
142,Juneau,90,US,1575570958,93,58.3,-134.42,35.6,8.05
143,Port Hardy,75,CA,1575570958,68,50.7,-127.42,33.8,2.24
144,Albany,40,US,1575570548,51,42.65,-73.75,39.99,16.11
145,Arlit,0,NE,1575570697,9,18.74,7.39,79.14,3.87
146,Bara,0,NG,1575570959,24,10.41,10.6,80.11,6.82
147,Sabirabad,90,AZ,1575570959,93,40.01,48.48,39.2,5.44
148,Chaparral,9,CO,1575570937,60,3.72,-75.48,80.76,4.92
149,Cidreira,28,BR,1575570704,73,-30.17,-50.22,70.57,20.22
150,Clyde River,75,CA,1575570712,83,70.47,-68.59,-9.4,8.05
151,Hilo,90,US,1575570675,88,19.71,-155.08,69.8,3.36
152,Mujiayingzi,0,CN,1575570959,30,42.12,118.78,6.82,4.85
153,Chongwe,40,ZM,1575570959,89,-15.33,28.68,66.54,5.82
154,Misratah,0,LY,1575570960,62,32.38,15.09,67.86,9.42
155,Taicheng,98,CN,1575570960,33,22.25,112.8,61.0,3.0
156,Ponta do Sol,91,BR,1575570676,89,-20.63,-46.0,72.3,7.49
157,Maraba,40,BR,1575570960,59,-5.35,-49.1,91.4,3.36
158,Hofn,75,IS,1575570697,59,64.25,-15.21,33.8,14.99
159,Moranbah,0,AU,1575570960,86,-22.0,148.04,72.81,10.76
160,Maceio,20,BR,1575570571,51,-9.67,-35.74,86.0,14.99
161,Cherskiy,1,RU,1575570700,64,68.75,161.3,-0.78,9.84
162,Saint-Pierre,90,FR,1575570704,100,48.95,4.24,30.2,11.41
163,Umm Lajj,0,SA,1575570714,43,25.02,37.27,70.38,3.24
164,Arraial do Cabo,75,BR,1575570703,66,-22.97,-42.02,86.0,17.22
165,Fort-Shevchenko,4,KZ,1575570961,73,44.51,50.26,33.66,10.94
166,Hualmay,51,PE,1575570709,52,-11.1,-77.61,78.13,9.73
167,Panorama,82,BR,1575570961,69,-21.35,-51.86,85.53,10.04
168,Tasiilaq,75,GL,1575570683,58,65.61,-37.64,26.6,10.29
169,Port Elizabeth,90,US,1575570694,38,39.31,-74.98,45.0,17.22
170,Aden,28,YE,1575570681,57,12.79,45.03,78.13,7.23
171,Kununurra,74,AU,1575570704,69,-15.77,128.74,78.8,1.12
172,Payo,100,ID,1575570961,98,-3.75,103.64,69.26,0.96
173,Zhangye,0,CN,1575570727,38,38.94,100.46,25.12,8.61
174,Cayenne,45,GF,1575570706,74,4.94,-52.33,84.2,6.93
175,Carutapera,0,BR,1575570699,75,-1.2,-46.02,82.13,18.07
176,Esperance,1,AU,1575570692,93,-33.86,121.89,53.6,6.93
177,Wuzhou,0,CN,1575570962,43,23.48,111.3,44.67,3.15
178,Ixtapa,5,MX,1575570678,51,20.71,-105.21,82.4,3.89
179,Magistralnyy,54,RU,1575570962,91,56.17,107.45,-1.5,3.09
180,Ilulissat,5,GL,1575570691,42,69.22,-51.1,8.6,12.75
181,Baherden,100,TM,1575570962,63,38.44,57.43,47.73,4.7
182,Xuddur,74,SO,1575570962,44,4.12,43.89,78.3,3.06
183,Daru,88,PG,1575570962,93,-9.07,143.21,76.3,3.49
184,Minab,0,IR,1575570963,59,27.15,57.07,66.2,2.24
185,Sao Joao da Barra,40,BR,1575570726,70,-21.64,-41.05,84.2,18.34
186,Karpathos,20,GR,1575570963,58,35.51,27.21,57.2,24.16
187,Avarua,2,CK,1575570424,78,-21.21,-159.78,78.8,6.93
188,Santo Antonio do Monte,96,BR,1575570963,75,-20.09,-45.29,78.57,8.1
189,Victoria,75,BN,1575570678,88,5.28,115.24,78.8,9.4
190,Dingle,100,PH,1575570705,89,11.0,122.67,74.32,4.36
191,Irbeyskoye,1,RU,1575570963,88,55.64,95.45,13.23,2.66
192,Soe,100,EE,1575570964,81,57.91,26.05,42.8,17.22
193,Beyneu,37,KZ,1575570709,76,45.32,55.19,29.91,13.49
194,Hun,75,BE,1575570964,89,50.34,4.87,35.6,11.41
195,Rodrigues Alves,75,BR,1575570964,79,-7.74,-72.65,86.0,2.24
196,Kiama,50,AU,1575570714,100,-34.67,150.86,64.0,2.24
197,Coquimbo,75,CL,1575570607,72,-29.95,-71.34,77.0,11.41
198,Kargil,0,PK,1575570964,58,34.56,76.13,-5.84,2.51
199,Sicamous,90,CA,1575570964,92,50.84,-118.99,34.0,3.89
200,Avera,1,US,1575570690,25,33.19,-82.53,66.2,5.82
201,Prainha,59,BR,1575570964,38,-1.8,-53.48,96.62,5.35
202,Port Lincoln,15,AU,1575570688,84,-34.72,135.86,56.77,8.34
203,Keti Bandar,77,PK,1575570964,25,24.14,67.45,75.69,17.05
204,Pilar de la Horadada,85,ES,1575570965,93,37.87,-0.79,59.0,9.17
205,Las Vegas,1,US,1575570806,76,36.17,-115.15,57.2,1.74
206,Provideniya,100,RU,1575570676,95,64.42,-173.23,11.93,16.17
207,Barrow,16,AR,1575570677,18,-38.31,-60.23,80.82,5.14
208,Marsh Harbour,100,BS,1575570697,52,26.54,-77.06,72.19,9.91
209,Klaksvik,44,FO,1575570695,69,62.23,-6.59,39.2,6.93
210,Sebring,1,US,1575570965,32,27.5,-81.44,68.0,9.17
211,Batsfjord,75,NO,1575570965,100,70.63,29.72,33.8,3.69
212,Broome,100,GB,1575570965,75,52.47,1.45,46.99,18.34
213,Xiaoweizhai,0,CN,1575570965,85,26.23,107.51,35.65,4.0
214,Vanimo,96,PG,1575570966,77,-2.67,141.3,84.11,16.24
215,Bollnas,67,SE,1575570966,78,61.35,16.39,37.62,14.7
216,Mumford,93,GH,1575570966,87,5.26,-0.76,77.4,6.76
217,Angoche,9,MZ,1575570966,75,-16.23,39.91,80.55,8.55
218,Deputatskiy,100,RU,1575570720,99,69.3,139.9,-13.47,2.39
219,Huarmey,90,PE,1575570683,46,-10.07,-78.15,81.23,11.39
220,Bani,0,YE,1575570966,73,16.02,42.93,80.33,3.09
221,Banda Aceh,90,ID,1575570701,96,5.56,95.32,73.04,4.36
222,Omboue,93,GA,1575570966,93,-1.57,9.26,75.45,3.06
223,Sitka,0,US,1575570695,52,37.17,-99.65,55.0,1.88
224,Biak,100,ID,1575570692,80,-0.91,122.88,81.64,6.11
225,Kruisfontein,0,ZA,1575570701,70,-34.0,24.73,63.52,12.48
226,Atambua,87,ID,1575570967,84,-9.11,124.89,75.97,2.39
227,Tual,100,ID,1575570967,71,-5.67,132.75,82.92,2.89
228,Yerbogachen,27,RU,1575570967,96,61.28,108.01,-14.69,2.39
229,Kutum,0,SD,1575570692,17,14.2,24.66,66.16,5.01
230,Santa Isabel do Rio Negro,96,BR,1575570967,92,-0.41,-65.02,81.57,4.07
231,Vao,100,EE,1575570703,83,59.1,26.19,41.0,15.05
232,Atar,0,MR,1575570967,25,20.52,-13.05,70.84,7.96
233,Pisco,48,PE,1575570676,30,-13.71,-76.2,71.6,12.75
234,Rawson,0,AR,1575570968,68,-43.3,-65.11,56.21,15.55
235,College,1,US,1575570675,74,64.86,-147.8,-20.2,3.15
236,Manuk Mangkaw,100,PH,1575570968,78,4.8,119.85,81.28,3.58
237,Ribeira Grande,20,PT,1575570692,63,38.52,-28.7,66.2,2.24
238,Jashpurnagar,20,IN,1575570968,52,22.88,84.14,51.51,3.29
239,Sabang,59,PH,1575570968,96,13.8,121.11,73.99,1.05
240,Kidal,7,ML,1575570683,11,18.44,1.41,77.86,8.9
241,Norman Wells,75,CA,1575570678,67,65.28,-126.83,-27.4,4.7
242,Barranca,77,PE,1575570968,90,-10.75,-77.76,66.79,11.18
243,Vostok,100,RU,1575570730,97,46.45,135.83,-14.44,4.9
244,San Quintin,57,PH,1575570698,94,17.54,120.52,72.14,2.95
245,Vardo,75,US,1575570708,39,39.62,-77.74,45.0,18.34
246,Aklavik,75,CA,1575570680,77,68.22,-135.01,1.4,11.41
247,Faanui,89,PF,1575570726,72,-16.48,-151.75,81.73,3.94
248,Carmelo,20,UY,1575570969,33,-34.0,-58.28,78.01,11.41
249,Waxahachie,1,US,1575570878,64,32.39,-96.85,71.01,16.11
250,Faya,3,SA,1575570699,87,18.39,42.45,62.6,4.7
251,Bambanglipuro,93,ID,1575570969,87,-7.95,110.28,76.08,1.66
252,Dakar,72,SN,1575570788,69,14.69,-17.45,75.2,13.87
253,Tuatapere,74,NZ,1575570709,76,-46.13,167.69,53.01,4.0
254,Geraldton,90,CA,1575570681,85,49.72,-86.95,15.8,4.7
255,Maues,48,BR,1575570969,36,-3.38,-57.72,97.34,4.29
256,Sainte-Rose,90,CA,1575570969,80,45.61,-73.79,33.01,19.46
257,Ostrovnoy,100,RU,1575570712,94,68.05,39.51,21.2,14.52
258,La Romana,40,DO,1575570970,74,18.43,-68.97,87.8,6.93
259,Phalombe,15,MW,1575570970,90,-15.81,35.65,67.8,10.83
260,Benjamin Constant,40,BR,1575570970,62,-4.38,-70.03,89.6,4.7
261,Tsabong,100,BW,1575570970,83,-26.02,22.4,63.57,13.96
262,Sola,100,TZ,1575570714,86,-3.17,33.8,67.51,2.17
263,Vila Velha,83,BR,1575570706,58,-3.71,-38.6,86.0,14.99
264,Capaci,75,IT,1575570970,87,38.17,13.24,61.0,1.12
265,Mahebourg,40,MU,1575570693,83,-20.41,57.7,79.0,3.83
266,Constanza,20,DO,1575570970,62,18.91,-70.74,86.0,6.93
267,Oyama,75,JP,1575570971,74,36.31,139.8,52.0,3.36
268,Grand Gaube,40,MU,1575570686,83,-20.01,57.66,79.0,9.73
269,Richards Bay,98,ZA,1575570724,67,-28.77,32.06,70.18,15.03
270,Makat,67,KZ,1575570971,67,47.65,53.35,27.9,16.17
271,Havelock,1,US,1575570971,28,34.88,-76.9,57.2,12.75
272,Gornopravdinsk,96,RU,1575570971,97,60.06,69.92,8.6,5.32
273,Khani,1,GE,1575570971,74,41.96,42.96,33.8,3.36
274,Shakawe,72,BW,1575570971,60,-18.36,21.84,76.39,2.39
275,Gurupi,15,BR,1575570971,48,-11.73,-49.07,92.14,2.08
276,La Ronge,90,CA,1575570687,77,55.1,-105.3,6.8,9.17
277,Ayia Galini,75,GR,1575570971,67,35.1,24.68,59.0,17.22
278,Lasa,20,CY,1575570693,66,34.92,32.53,59.0,9.17
279,Imola,22,IT,1575570972,86,44.35,11.71,43.0,3.36
280,Flinders,50,AU,1575570686,100,-34.58,150.85,64.0,2.24
281,Tessalit,9,ML,1575570972,12,20.2,1.01,75.96,6.2
282,Bubaque,2,GW,1575570972,60,11.28,-15.83,81.97,15.93
283,Karuzi,86,BI,1575570972,95,-3.1,30.16,61.25,1.1
284,Pineville,1,US,1575570972,34,31.32,-92.43,70.0,11.41
285,Whitehorse,75,CA,1575570747,84,60.72,-135.06,-0.4,5.82
286,Namibe,75,AO,1575570690,73,-15.19,12.15,77.0,7.31
287,Mukhen,100,RU,1575570725,83,48.19,136.14,-2.02,11.48
288,Nieuw Amsterdam,40,SR,1575570972,100,5.88,-55.08,77.0,9.17
289,Palmer,20,AU,1575570692,81,-34.85,139.16,55.99,8.05
290,Darhan,0,MN,1575570973,86,49.49,105.92,0.14,4.83
291,Alofi,59,NU,1575570716,94,-19.06,-169.92,75.2,2.24
292,Bambous Virieux,40,MU,1575570682,83,-20.34,57.76,79.0,8.03
293,Kentau,100,KZ,1575570973,85,43.52,68.5,43.11,8.5
294,Rocha,2,UY,1575570714,50,-34.48,-54.34,67.35,16.82
295,Hami,8,CN,1575570974,48,42.84,93.51,22.42,3.11
296,Sao Filipe,43,CV,1575570723,79,14.9,-24.5,68.92,18.81
297,Bien Hoa,20,VN,1575570974,64,10.95,106.82,73.4,8.05
298,Roebourne,3,AU,1575570974,45,-20.77,117.15,76.77,3.13
299,Bayir,0,TR,1575570974,61,37.27,28.22,48.2,8.05
300,Naze,40,NG,1575570974,83,5.43,7.07,82.4,4.7
301,Tucuman,29,PE,1575570974,19,-17.17,-70.89,71.28,17.43
302,Bowen,75,AU,1575570974,94,-20.01,148.25,75.2,9.95
303,Mercedes,8,UY,1575570974,27,-33.25,-58.03,76.46,10.4
304,Imeni Poliny Osipenko,84,RU,1575570974,93,52.42,136.49,-6.92,10.96
305,Kivsharivka,100,UA,1575570975,96,49.63,37.68,32.81,10.47
306,Wagar,26,US,1575570975,39,31.44,-87.99,64.99,3.51
307,Araguaina,63,BR,1575570975,49,-7.19,-48.21,89.37,3.0
308,Grindavik,75,IS,1575570696,79,63.84,-22.43,28.4,9.17
309,Kodiak,1,US,1575570681,50,39.95,-94.76,59.0,3.36
310,Majene,100,ID,1575570975,90,-3.54,118.97,76.6,3.62
311,Rochegda,100,RU,1575570975,97,62.67,43.41,35.74,12.8
312,Aljezur,0,PT,1575570975,79,37.31,-8.8,60.01,18.23
313,Hobyo,98,SO,1575570692,74,5.35,48.53,80.58,11.43
314,Ust-Omchug,99,RU,1575570976,97,61.13,149.63,-27.69,9.22
315,Mahad,42,IN,1575570976,68,18.08,73.42,72.99,4.16
316,San Vicente,40,EC,1575570976,66,-0.59,-80.41,89.6,6.93
317,Talnakh,40,RU,1575570688,72,69.49,88.39,12.2,20.13
318,Maryville,1,US,1575570976,37,35.76,-83.97,55.4,5.82
319,Khandyga,15,RU,1575570702,96,62.65,135.58,-45.38,0.94
320,Storozhevaya,0,RU,1575570976,65,43.89,41.46,21.51,2.8
321,Bethel,90,US,1575570701,92,60.79,-161.76,15.8,13.87
322,Lanxi,78,CN,1575570976,78,29.21,119.46,43.18,0.6
323,Pangnirtung,75,CA,1575570692,72,66.15,-65.72,10.4,4.7
324,Somerset,1,US,1575570976,48,41.77,-71.13,44.01,13.87
325,Dom Pedrito,0,BR,1575570977,51,-30.98,-54.67,71.67,12.64
326,Touros,20,BR,1575570679,43,-5.2,-35.46,87.8,13.87
327,Panaba,17,MX,1575570977,58,21.28,-88.27,78.06,5.39
328,Saint-Augustin,90,CA,1575570685,72,45.63,-73.98,33.01,10.29
329,Bela,11,PK,1575570977,18,26.23,66.31,72.9,8.95
330,Fez,40,MA,1575570977,81,34.03,-5.02,51.8,5.82
331,Petropavlovsk-Kamchatskiy,91,RU,1575570977,85,53.05,158.65,12.2,6.71
332,Istok,0,PL,1575570977,78,52.66,23.48,34.0,1.99
333,Chumikan,93,RU,1575570977,63,54.72,135.31,-0.94,16.2
334,Nieuw Nickerie,22,SR,1575570977,75,5.94,-56.99,82.17,12.68
335,San Luis,0,AR,1575570844,11,-33.3,-66.34,88.09,9.62
336,Chillicothe,1,US,1575570976,45,39.33,-82.98,45.0,5.82
337,Narsaq,20,GL,1575570726,31,60.91,-46.05,21.2,4.7
338,Chulym,100,RU,1575570978,91,55.09,80.97,33.1,13.69
339,Porto Novo,75,BR,1575570677,65,-23.68,-45.44,82.4,5.82
340,Waipawa,51,NZ,1575570689,77,-39.94,176.59,52.05,3.22
341,Volgodonsk,78,RU,1575570978,93,47.51,42.17,30.81,10.42
342,Soyo,75,AO,1575570978,94,-6.13,12.37,78.8,4.7
343,Svobodnyy,99,RU,1575570979,100,53.85,40.53,35.01,4.0
344,Sisophon,81,KH,1575570979,60,13.59,102.97,62.98,11.5
345,Doka,0,SD,1575570687,26,13.52,35.76,81.66,10.51
346,Fortuna,40,US,1575570705,71,40.6,-124.16,57.2,16.11
347,Kulhudhuffushi,98,MV,1575570717,76,6.62,73.07,81.68,18.61
348,Bayangol,0,MN,1575570979,86,48.91,106.09,1.74,3.62
349,Grootfontein,75,NA,1575570979,82,-19.56,18.1,66.2,6.93
350,Mpika,100,ZM,1575570979,84,-11.84,31.4,64.74,4.38
351,Kosh-Agach,100,RU,1575570979,60,49.99,88.66,7.29,1.61
352,Mkushi,44,ZM,1575570979,92,-13.61,29.4,64.62,7.63
353,Ishigaki,100,JP,1575570979,88,24.34,124.16,68.4,30.04
354,Pachino,82,IT,1575570979,90,36.72,15.09,61.0,14.38
355,Zyryanka,100,RU,1575570980,96,65.73,150.89,-13.5,21.41
356,Novouzensk,100,RU,1575570980,91,50.46,48.14,31.15,13.94
357,Gouyave,40,GD,1575570980,74,12.16,-61.73,86.0,18.34
358,Auki,5,NG,1575570980,18,12.18,6.51,78.84,8.3
359,Bushehr,0,IR,1575570980,63,28.97,50.84,62.6,4.34
360,Mandiana,32,GN,1575570980,18,10.62,-8.7,84.63,2.55
361,Pokhara,21,NP,1575570980,67,28.21,83.99,54.16,3.53
362,Cutervo,43,PE,1575570980,52,-6.38,-78.82,71.46,5.53
363,Stolin,0,BY,1575570981,70,51.89,26.85,30.87,10.69
364,Abrau-Dyurso,20,RU,1575570981,92,44.7,37.6,28.4,4.47
365,Dwarka,20,IN,1575570737,72,28.58,77.04,68.0,3.15
366,Tura,100,RU,1575570715,94,64.27,100.22,-4.81,4.88
367,Nouakchott,95,MR,1575570981,64,18.08,-15.98,69.8,17.22
368,Iskateley,72,RU,1575570981,97,67.68,53.15,0.43,10.2
369,Rundu,90,NA,1575570981,73,-17.91,19.77,73.4,3.36
370,San Roque,40,CO,1575570981,49,6.49,-75.02,82.4,9.17
371,Icod de los Vinos,75,ES,1575570987,82,28.37,-16.71,68.0,23.04
372,Ampanihy,84,MG,1575570987,73,-24.69,44.75,68.47,15.75
373,Presidencia Roque Saenz Pena,0,AR,1575570987,22,-26.79,-60.44,86.47,6.82
374,Muravlenko,100,RU,1575570710,95,63.79,74.5,11.88,8.12
375,Egvekinot,72,RU,1575570687,92,66.32,-179.17,-0.38,9.4
376,Isangel,92,VU,1575570988,86,-19.55,169.27,77.43,8.39
377,Jiuquan,1,CN,1575570988,24,39.73,98.49,23.32,8.86
378,Kabinda,100,CD,1575570988,93,-6.14,24.49,69.58,2.71
379,Soloneshnoye,94,RU,1575570988,72,51.65,84.32,33.84,5.3
380,Mehamn,75,NO,1575570680,99,71.03,27.85,32.0,2.24
381,Padang,89,ID,1575570691,89,-0.92,100.36,67.5,5.75
382,Belaya Gora,100,RU,1575570988,96,68.54,146.19,-10.16,7.52
383,Miles City,90,US,1575570697,80,46.41,-105.84,34.0,6.93
384,Nanticoke,90,US,1575570988,87,41.21,-76.0,39.0,11.41
385,Dillon,1,US,1575570989,79,45.22,-112.64,28.99,9.17
386,Denpasar,20,ID,1575570729,88,-8.65,115.22,82.4,3.36
387,Okato,0,NZ,1575570989,87,-39.19,173.88,57.0,1.99
388,Hovd,20,NO,1575570989,80,63.83,10.7,42.01,18.34
389,Saskylakh,43,RU,1575570724,99,71.97,114.09,-36.38,2.66
390,Acapulco,20,MX,1575570738,70,16.86,-99.88,86.0,8.05
391,Ankara,1,TR,1575570989,79,39.92,32.85,32.0,4.7
392,Abu Kamal,64,SY,1575570990,44,34.45,40.92,59.7,11.18
393,Lopik,90,NL,1575570990,100,51.98,4.95,39.99,16.11
394,Namatanai,83,PG,1575570712,77,-3.66,152.44,81.73,4.59
395,Magan,0,OM,1575570990,69,24.42,56.58,73.4,3.36
396,Henties Bay,92,NA,1575570683,84,-22.12,14.28,66.99,1.99
397,Kaya,0,NG,1575570990,13,13.31,12.68,74.44,6.55
398,Nabire,94,ID,1575570713,97,-3.36,135.5,70.93,2.55
399,Esparta,75,HN,1575570990,74,15.74,-87.18,84.2,4.7
400,San Isidro,75,CR,1575570990,69,10.02,-84.06,78.8,14.99
401,San Jose de Rio Tinto,37,HN,1575570990,50,14.93,-85.7,80.78,3.47
402,Santa Vitoria,74,BR,1575570990,59,-7.82,-67.03,88.57,2.57
403,Male,54,UA,1575570990,92,50.74,33.7,29.93,8.7
404,Catalao,100,BR,1575570696,86,-18.17,-47.95,77.09,9.6
405,Riohacha,20,CO,1575570899,41,11.54,-72.91,96.8,18.34
406,Komsomolskiy,91,RU,1575570703,96,67.55,63.78,2.01,3.6
407,Rach Gia,20,VN,1575570991,83,10.02,105.08,73.4,5.82
408,Chifeng,0,CN,1575570991,34,42.27,118.96,4.42,6.15
409,Pozo Colorado,11,PY,1575570991,32,-23.49,-58.8,89.04,10.04
410,Teguise,75,ES,1575570991,68,29.06,-13.56,64.4,21.92
411,Vrangel,0,RU,1575570991,78,42.73,133.08,15.1,27.69
412,Sernur,89,RU,1575570991,96,56.93,49.15,28.51,16.11
413,Semporna,75,MY,1575570991,94,4.48,118.61,77.0,3.36
414,Te Anau,96,NZ,1575570731,92,-45.41,167.72,48.65,4.72
415,Masuguru,89,MZ,1575570991,61,-11.38,38.46,82.89,5.44
416,Rafaela,0,AR,1575570992,12,-31.25,-61.49,85.42,7.36
417,Vaitape,89,PF,1575570992,72,-16.52,-151.75,81.73,3.94
418,Las Cruces,0,CL,1575570992,63,-33.5,-71.62,77.0,12.75
419,Halifax,90,CA,1575570992,100,44.65,-63.58,39.0,2.19
420,Storforshei,90,NO,1575570992,97,66.4,14.52,32.0,4.7
421,Venado Tuerto,10,AR,1575570992,13,-33.75,-61.97,85.08,7.02
422,Beli Manastir,90,HR,1575570992,85,45.77,18.61,33.01,4.7
423,Maniitsoq,0,GL,1575570992,51,65.42,-52.9,15.13,7.16
424,Turtas,92,RU,1575570992,96,58.94,69.13,10.6,5.59
425,Baraboo,40,US,1575570992,74,43.47,-89.74,42.01,5.82
426,Alice Springs,11,AU,1575570696,13,-23.7,133.88,64.4,5.82
427,Jinchang,0,CN,1575570993,28,38.52,102.19,24.39,5.53
428,Areia Branca,20,BR,1575570993,62,-10.76,-37.31,86.0,13.87
429,Nouadhibou,0,MR,1575570993,68,20.93,-17.03,68.0,12.75
430,Kitui,96,KE,1575570993,86,-1.37,38.02,68.83,2.15
431,Lazaro Cardenas,90,MX,1575570993,40,28.39,-105.62,68.0,5.82
432,Walvis Bay,62,NA,1575570993,72,-22.95,14.51,68.0,3.36
433,Gravdal,75,NO,1575570993,93,59.79,5.78,46.99,31.09
434,San Patricio,0,PY,1575570699,29,-26.98,-56.83,83.41,9.84
435,Tiksi,100,RU,1575570685,100,71.64,128.87,-16.92,3.74
436,Mastic Beach,20,US,1575570779,41,40.77,-72.85,44.01,18.34
437,Jasper,1,US,1575570994,43,33.83,-87.28,62.6,4.32
438,Hasaki,75,JP,1575570684,75,35.73,140.83,42.8,10.29
439,Bandarbeyla,100,SO,1575570994,82,9.49,50.81,80.62,33.24
440,Mwinilunga,75,ZM,1575570994,94,-11.73,24.43,64.67,1.32
441,Nantucket,20,US,1575570870,56,41.28,-70.1,44.6,16.11
442,Mason City,1,US,1575570994,86,43.15,-93.2,44.6,5.82
443,Fairbanks,1,US,1575570955,74,64.84,-147.72,-20.2,3.67
444,Talcahuano,0,CL,1575570994,59,-36.72,-73.12,66.2,23.04
445,Santa Rosalia,75,IT,1575570994,87,38.07,13.27,61.0,1.12
446,Rancho Palos Verdes,40,US,1575570761,87,33.75,-118.37,64.4,8.25
447,Sawtell,0,AU,1575570995,81,-30.38,153.1,57.99,4.5
448,Sao Gabriel da Cachoeira,40,BR,1575570707,62,-0.13,-67.09,89.6,3.36
449,Arman,99,RU,1575570995,94,59.7,150.17,3.6,21.39
450,Ashcroft,20,AU,1575570995,88,-33.91,150.9,64.4,8.05
451,Palmeiras de Goias,84,BR,1575570995,71,-16.8,-49.93,82.11,5.53
452,Zhigansk,91,RU,1575570713,93,66.77,123.37,-34.73,9.8
453,Sao Sebastiao do Passe,20,BR,1575570995,62,-12.51,-38.5,86.0,14.99
454,Bata,40,GQ,1575570996,83,1.87,9.77,84.2,8.05
455,Innisfail,95,AU,1575570996,92,-17.52,146.03,74.43,3.09
456,Bagaha,0,IN,1575570996,56,27.1,84.09,64.24,2.73
457,Inirida,100,CO,1575570731,95,3.87,-67.92,79.23,2.19
458,Sisimiut,0,GL,1575570996,56,66.94,-53.67,1.62,11.68
459,Lorengau,46,PG,1575570727,75,-2.02,147.27,83.52,7.23
460,Benalla,59,AU,1575570996,71,-36.55,145.99,55.99,11.41
461,Marzuq,33,YE,1575570996,34,14.4,46.47,59.68,2.37
462,Thanh Hoa,20,VN,1575570996,83,10.21,106.33,73.4,5.82
463,Kamina,100,CD,1575570996,95,-8.74,25.0,64.02,1.1
464,Berlevag,75,NO,1575570715,97,70.86,29.09,32.0,2.24
465,Constantine,40,DZ,1575570996,62,36.36,6.61,51.8,5.82
466,Lida,0,BY,1575570997,70,53.9,25.3,31.91,12.97
467,Bay City,1,US,1575570997,77,43.59,-83.89,35.6,8.05
468,Samarai,99,PG,1575570997,91,-10.62,150.67,74.21,2.93
469,Khuzhir,2,RU,1575570997,65,53.19,107.35,22.75,8.57
470,Odienne,100,CI,1575570997,25,9.51,-7.57,81.3,2.1
471,Sorong,84,ID,1575570732,96,-0.86,131.25,74.48,0.36
472,Kindersley,40,CA,1575570997,85,51.47,-109.16,25.0,5.82
473,Lisala,55,CD,1575570997,65,2.15,21.52,79.75,0.69
474,Dingli,95,IN,1575570997,33,28.39,75.51,60.62,3.85
475,Terrace,90,CA,1575570551,92,54.52,-128.61,30.2,6.93
476,Usvyaty,94,RU,1575570998,89,55.75,30.75,34.23,10.87
477,Youkounkoun,0,GN,1575570998,18,12.53,-13.12,88.14,0.51
478,Karratha,18,AU,1575570998,68,-20.74,116.85,82.65,8.61
479,Alcains,0,PT,1575570998,72,39.92,-7.46,52.0,1.99
480,Lerwick,75,GB,1575570998,93,60.15,-1.15,44.6,3.36
481,Coahuayana,0,MX,1575570690,48,18.62,-100.35,87.98,2.35
482,Mocorito,52,MX,1575570998,75,25.48,-107.92,75.99,1.99
483,Ossora,97,RU,1575570998,69,59.24,163.07,25.07,11.1
484,Yudong,67,CN,1575570998,74,32.02,121.36,45.0,1.99
485,Sobolevo,97,RU,1575570998,86,54.43,31.9,33.66,15.37
486,Ketchikan,1,US,1575570715,100,55.34,-131.65,35.6,5.82
487,Ust-Karsk,88,RU,1575570999,92,52.71,118.82,-10.12,4.59
488,Yulara,0,AU,1575570738,9,-25.24,130.99,75.2,6.93
489,Broken Hill,0,AU,1575570690,54,-31.97,141.45,64.4,5.82
490,Celestun,0,MX,1575570999,64,20.87,-90.4,74.46,4.09
491,Homer,75,US,1575570999,79,59.64,-151.54,24.8,4.7
492,Asosa,24,ET,1575570999,43,10.07,34.53,72.5,5.59
493,Shingu,99,JP,1575570678,65,33.72,135.99,48.47,16.26
494,Moerai,24,PF,1575570999,79,-22.43,-151.33,74.01,19.24
495,Ammon,75,US,1575570999,92,43.47,-111.97,25.0,5.82
496,Tutoia,20,BR,1575571000,66,-2.76,-42.27,87.8,19.46
497,Searcy,90,US,1575570924,39,35.25,-91.74,64.4,5.82
498,Ust-Ilimsk,12,RU,1575571000,94,57.96,102.73,0.3,4.65
499,Shache,0,CN,1575570716,57,38.42,77.24,25.75,4.52
500,Lagoa,20,PT,1575570676,63,37.14,-8.45,60.8,4.7
501,Balmazujvaros,0,HU,1575571000,100,47.62,21.35,26.6,4.7
502,Mitchell,1,US,1575570742,74,43.71,-98.03,36.0,10.29
503,Foam Lake,26,CA,1575571001,94,51.65,-103.53,5.54,5.44
504,Gambiran,83,ID,1575571001,88,-7.93,111.77,76.05,0.78
505,Sidmouth,75,GB,1575571001,81,50.68,-3.24,51.01,13.87
506,Saiha,12,IN,1575571001,78,22.49,92.98,54.46,3.83
507,Kohlu,0,PK,1575571001,33,29.9,69.25,47.5,1.03
508,Myitkyina,0,MM,1575571001,64,25.38,97.4,55.49,3.51
509,Chickasha,1,US,1575570822,42,35.05,-97.94,66.0,10.29
510,Khilok,100,RU,1575571001,98,51.36,110.46,1.47,5.5
511,Axim,100,GH,1575570715,88,4.87,-2.24,77.86,4.85
512,Riyadh,0,SA,1575570848,48,24.63,46.72,64.4,4.7
513,Severo-Kurilsk,93,RU,1575570691,86,50.68,156.12,21.69,28.12
514,Kota Tinggi,75,MY,1575571002,88,1.73,103.9,80.6,1.12
515,Dobson,56,NZ,1575571002,96,-42.45,171.31,47.98,1.83
516,Paita,0,PE,1575571002,100,-5.09,-81.11,62.6,14.99
517,Livingston,1,US,1575571002,47,32.58,-88.19,64.4,3.78
518,Tigil,98,RU,1575571002,73,57.8,158.67,11.08,3.06
519,Gat,85,SN,1575571002,27,14.69,-16.54,87.8,4.7
520,Tairua,0,NZ,1575571002,71,-37.02,175.85,63.19,4.14
521,Mount Isa,13,AU,1575570713,11,-20.73,139.49,75.2,9.35
522,Ostersund,83,SE,1575570787,72,63.18,14.64,33.01,14.99
523,Dibulla,20,CO,1575571002,41,11.27,-73.31,96.8,18.34
524,Saurimo,74,AO,1575571002,96,-9.66,20.4,66.51,0.56
525,Burns Lake,98,CA,1575571003,76,54.23,-125.76,16.74,1.12
526,Dubrovnik,75,HR,1575571003,53,42.65,18.09,51.8,3.36
527,Kathu,100,ZA,1575571003,73,-27.7,23.05,64.8,15.93
528,Saint-Francois,0,FR,1575571003,100,46.42,3.91,33.8,2.24
529,Kirakira,99,SB,1575570696,88,-10.46,161.92,75.88,5.61
530,Altay,96,CN,1575571004,36,47.83,88.13,23.47,3.42
531,Mandalgovi,31,MN,1575571004,45,45.76,106.27,13.51,6.38
532,Ormstown,90,CA,1575571004,80,45.13,-73.99,33.01,19.46
533,Havoysund,100,NO,1575570713,92,71.0,24.66,30.2,9.17
534,Nanortalik,37,GL,1575570679,50,60.14,-45.24,29.79,2.13
535,Canakkale,40,TR,1575571004,76,40.15,26.41,48.2,12.75
536,Marjamaa,75,EE,1575571004,81,58.9,24.43,44.01,21.92
537,Chipiona,9,PE,1575571004,40,-14.54,-75.2,77.31,11.92
538,Hays,1,US,1575571004,50,38.88,-99.33,53.6,5.82
539,Araripina,59,BR,1575571004,22,-7.58,-40.5,91.4,8.25
540,West Wendover,90,US,1575571005,86,40.74,-114.07,33.8,3.36
541,Awjilah,13,LY,1575571005,35,29.14,21.3,64.31,7.78
542,Rivne,0,UA,1575571005,72,50.62,26.25,30.0,8.21
543,Sambava,20,MG,1575570681,87,-14.27,50.17,72.52,2.3
544,Aykhal,23,RU,1575571005,64,65.95,111.51,-41.8,4.47
545,Bilgoraj,0,PL,1575571005,67,50.54,22.72,33.01,11.41
546,Poya,100,NC,1575570727,83,-21.35,165.16,75.38,10.47
547,Moose Factory,90,CA,1575571005,85,51.26,-80.61,23.0,14.99
548,Arvika,90,SE,1575571005,75,59.65,12.59,44.6,21.92
